{"manifest":{"name":"green","platform":"Android","provider":{
"name":"green","url":""},"revision":1,"schemaVersion":1,"themeVersion":"7.1.0","quality":85},
"splash":{"splash.background.image": {"normal":"splash_img.jpg"},
        "background.color": "#56785A"},
"tabBar.bottom":{
"background.image":"gnb_bg_pattern.png",
"shadow.image":"gnb_gra.9.png",
"selectorBar.background.color":"#FF307438"},
"tabBar.item":{"badge.background.image":"gnb_num_bg.9.png",
"badge.text.color":"#ffffff","badge.new.image":"gnb_ic_new.png"},"tabBar.item.call":{"normal.image":"gnb_ic_linenews_normal.png",
"selected.image":"gnb_ic_linenews_selected.png"},
"tabBar.item.news":{"normal.image":"gnb_ic_linenews_normal.png",
"selected.image":"gnb_ic_linenews_selected.png"},
"tabBar.item.friend":{"normal.image":"gnb_ic_friends_normal.png",
"selected.image":"gnb_ic_friends_selected.png"},"tabBar.item.more":{"normal.image":"gnb_ic_more_normal.png",
"selected.image":"gnb_ic_more_selected.png"},"tabBar.item.talk":{"normal.image":"gnb_ic_chats_normal.png",
"selected.image":"gnb_ic_chats_selected.png"},
"tabBar.item.timeline":{
"normal.image":"gnb_ic_timeline_normal.png",
"selected.image":"gnb_ic_timeline_selected.png"},
"chathistory.attach.header":{"background.image":"header_bg_pattern.png","text.color":"#4f745e",
"background.image.pattern":true},
"friendlist.category":{"background.color":"#FF307438",
"arrowClose.tintcolor":"#d5cab6","arrowOpen.tintcolor":"#d5cab6","text.color":"#ff003f00",
"textSeeAll.arrow.tintcolor":"#d0c4af","textSeeAll.color":"#d0c4af"},"list.common":{"divider.background.color":"#FF2A6A07"},
"chathistory.attach.item":{"top.divider.background.color":"#ccbfaa", "background.image":{"pressed":"chatroom_icBig2.png"
,"normal":"chatroom_icBig1.png"},
"external.icon.tintcolor":"#cabda7","icon.tintcolor":"#ffffffff","text.color":"#ffffffff","badge.new.image":"chatroom_attach_ic_new.png"},
"chathistory.view.common":{"background.image":{"normal":"chatroom_bg_pattern.jpg"
,"gravity":"center"}},
"passcode":{"top.background.color":"#00000000",
"number.background.image":{"normal":"bgpassnumber.png","pressed":"password_ic_01_on.png"},
"text.color":"#ffffff00",
"infotext.color":"#ffffff00","background.image":"pass.jpg",
"number.cancel.text.color":{"normal":"#ffffff00","pressed":"#7f56785a"},"number.delete.tintcolor":{"normal":"#ffffff00","pressed":"#56785a"},
"number.text.tintcolor":"#ffffff00","passcode1.background.image":"password_ic_01_off.png","passcode1.input.image":"password_ic_01_on.png",
"passcode2.background.image":"password_ic_02_off.png","passcode2.input.image":"password_ic_02_on.png",
"passcode3.background.image":"password_ic_03_off.png","passcode3.input.image":"password_ic_03_on.png",
"passcode4.background.image":"password_ic_04_off.png","passcode4.input.image":"password_ic_04_on.png"},
"view.common":{"background.image":"main.jpg"},
"main.view.common":{"background.image":"main.jpg"},
"addFriend.tab.icon":{"idsearch.image":"gnb_ic_search.png","invite.image":"gnb_ic_contacts.png",
"qrcode.image":"gnb_ic_qrcode.png","shakeit.image":"gnb_ic_shakeit.png"},
"addFriend.tab.item":{"background.image":{"normal":"gnb_bg_addfriend_normal.9.png","pressed":"gnb_bg_addfriend_pressed.9.png"},
"text.color":"#ffffffff"},"invitemember.tab.item":{"background.image":{"normal":"gnb_bg_addfriend_normal.9.png",
"pressed":"gnb_bg_addfriend_pressed.9.png"},"icon.tintcolor":"#56785a","text.color":"#56785a"},
"friendlist.item.common":{
"background.image":{"normal":"gnb_bg_friendlist_normal.png","pressed":"gnb_bg_friendlist_selected.png"},
"new.background.color":{"normal":"#0856785A","pressed":"#FF1D5023"},
"checked.background.color":{"normal":"#0856785A","pressed":"#FF1D5023"}},
"addFriend.tab.addGroup":{"background.color":{"normal":"#00000000","pressed":"#FF307438"},"icon.background.tintcolor":"#FFA5DE84",
"icon.tintcolor":"#56785a","text.color":"#56785a","subtext.color":"#92ae92","addButton.background.tintcolor":{"normal":"#56785a",
"pressed":"#4f6c53"},"addButton.text.color":"#fbf4e8","updateButton.tintcolor":{"normal":"#56785a","pressed":"#4f6c53"},
"arrow.tintcolor":"#d5cab6"},"friendlist.item":{"addInviteButton.background.image":{"normal":"button_r10_normal.9.png",
"pressed":"button_r10_pressed.9.png"},"addInviteButton.color":"#fbf4e8","addFriend.background.tintcolor":{"normal":"#FFA5DE84",
"pressed":"#FFA3E97A"},"addFriend.icon.tintcolor":"#56785a","phoneIcon.background.tintcolor":{"normal":"#FFA5DE84","pressed":"#FFA3E97A"},
"phoneIcon.tintcolor":{"normal":"#56785a","pressed":"#56785a"},"nameText.color":"#ff003400","descriptionText.color":"#91ad91",
"phoneNumberText.color":"#91ad91","statusText.color":"#ffffff00","arrowIcon.tintcolor":"#d5cab6",
"moreButton.background.image":{"normal":"button_r01_normal.9.png","pressed":"button_r01_pressed.9.png"},"moreButton.text.color":"#fbf4e8",
"updateIcon.tintcolor":"#e88891","updateVideoProfile.tintcolor":"#e88891","search.appIcon.tintcolor":"#e88891",
"checkboxOff.image":"list_checkbox_img_normal.png","checkboxOn.image":"list_checkbox_img_selected.png","logo.icon.tintcolor":"#3ec100"},
"friendlist.item.requests":{"cancelButton.background.tintcolor":{"normal":"#e88891","pressed":"#d8727c"},
"cancelButton.text.color":"#fbf4e8","acceptButton.background.tintcolor":{"normal":"#56785a","pressed":"#4f6c53"},
"acceptButton.text.color":"#fbf4e8","addedButton.background.tintcolor":"#d8ccb8","addedButton.text.color":"#aca392",
"addedButton.checkIcon.tintcolor":"#aca392","retryButton.background.tintcolor":{"normal":"#56785a","pressed":"#4f6c53"},
"retryButton.text.color":"#fbf4e8","retryButton.arrowIcon.tintcolor":"#fbf4e8"},"select.chat.tab":{"background.image":"gnb_bg_select.9.png",
"selectorBar.background.color":"#FF1D5023","text.color":{"normal":"#b8b7a3","selected":"#56785a"},"text.shadow":"#00000000"},
"searchBar":{"search.icon.image":"list_ic_search.png","text.hint":"#afb7a2","text.color":"#748d72",
"underbar.background.color":{"normal":"#d9cfbc","selected":"#d9cfbc"},"cancel.icon.tintcolor":"#748d72"},
"search.chat.highlightColor":{"chatList.text.color":"#e88891","receiveMessage.text.color":"#ffd93b",
"sendMessage.text.color":"#ffd93b"},"multi.userselect":{"background.color":"#e0d4c2","name.text.color":"#56785a"},
"profile.thumbnail":{"single.big.image":"user_thumbnail_large_00.png","single.small.image":"user_thumbnail_small_00.png",
"group.big.image":"group_thumbnail_large.png","group.small.image":"group_thumbnail_small.png"},
"bottom.button.common":{"button1.background.color":{"normal":"#e88891","pressed":"#d8727c","dimmed":"#e88891"},
"button1.text.color":{"normal":"#fbf4e8","dimmed":"#66fbf4e8"},"button2.background.color":{"normal":"#56785a",
"pressed":"#4f6c53","dimmed":"#56785a"},"button2.text.color":{"normal":"#fbf4e8","dimmed":"#66fbf4e8"}},
"select.chat.bottom":{"button.background.color":{"normal":"#56785a","pressed":"#4f6c53"},"button.icon.tintcolor":"#fbf4e8",
"button.text.color":{"normal":"#fbf4e8","dimmed":"#7ffbf4e8"}},"navigationBar.search":{"background.image":"header_bg.9.png",
"background.image.pattern":"false","back.icon.tintcolor":{"normal":"#ff003f00","pressed":"#4f6c53"},"text.hint":"#9da991",
"text.color":"#56785a","underbar.background.color":"#d5cab7","cancel.icon.tintcolor":"#56785a"},
"search.list.suggest":{"background.color":"#e0d4c2","search.icon.tintcolor":"#728a6f","text.color":"#56785a",
"bottom.divider.background.color":"#d5cab7"},"addCollection.tab":{"background.color":"#e0d4c2",
"tabTextSelected.text.color":"#56785a","tabTextNormal.text.color":"#b8b7a3","selectorBar.background.color":"#56785a",
"bottom.divider.background.color":"#d5cab7"},"search.list.shortcut":{"icon.tintcolor":{"normal":"#56785a"},
"text.color":{"normal":"#56785a"},"divider.tintcolor":{"normal":"#d4c9b8"},"bottom.background.color":"#FF2A6A07"},
"search.list.item":{"place.text.color":{"normal":"#5478b9","pressed":"#32538f"},"place.arrow.tintcolor":{"normal":"#5478b9",
"pressed":"#335695"},"setLocation.icon.tintcolor":{"normal":"#5685e4","pressed":"#3761b6"},"setLocation.text.color":{"normal":"#5685e4",
"pressed":"#3761b6"},"autosave.text.color":{"normal":"#56785a","pressed":"#4f6c53"},"autosave.divider.background.color":"#d4c9b8"},
"friendlist.common":{"noresult.text.color":"#92ae92"},"chatlist.item":{"nameText.color":"#ff003200","messageText.color":"#ffffff00",
"timeText.color":"#d0c4af","muteIcon.tintcolor":"#afb7a2","messageCountText.background.image":"list_category_chat_num.9.png",
"messageCountText.color":"#ffffff","newIcon.image":"list_category_chat_new.png","notiIcon.image":"list_category_chat_noti.png",
"callingIcon.image":"list_category_chat_calling.png","adIcon.tintcolor":"#afb7a2","mentionText.color":"#e88891"},
"chathistory.option.item":{"button.background.image":{"pressed":"chatroom_attach_ic_camera2.png"
,"normal":"chatroom_attach_ic_camera1.png"},
"text.color":{"normal":"#ffffffff",
"dimmed":"#6656785a"},"bottom.divider.background.color":"#d9cbb7","badge.new.image":"chatroom_attach_ic_new.png"},
"chathistory.option.item.voip.video":{"background.image":{"pressed":"chatroom_option_ic_freecall_normal2.png"
,"normal":"chatroom_option_ic_freecall_normal1.png"},"text.color":{"normal":"#ffffffff",
"dimmed":"#6656785a"}},"chathistory.option.item.voip.voice":{"background.image":{"pressed":"chatroom_option_ic_freecall_normal2.png"
,"normal":"chatroom_option_ic_freecall_normal1.png"},
"text.color":{"normal":"#ffffffff","dimmed":"#6656785a"}},
"chathistory.option.item.image":{"search.image":"chatroom_option_ic_search_normal.png","album.dimmed.image":"chatroom_option_ic_albums_disable.png",
"album.image":"chatroom_option_ic_albums_normal.png","block.image":"chatroom_option_ic_block.png",
"create.group.dimmed.image":"chatroom_option_ic_creategroup_disable.png","create.group.image":"chatroom_option_ic_creategroup_normal.png",
"edit.dimmed.image":"chatroom_option_ic_edit_disable.png","edit.image":"chatroom_option_ic_edit_normal.png",
"edit.group.dimmed.image":"chatroom_option_ic_editgroup_disable.png","edit.group.image":"chatroom_option_ic_editgroup_normal.png",
"invite.dimmed.image":"chatroom_option_ic_invite_disable.png","invite.image":"chatroom_option_ic_invite_normal.png",
"leave.dimmed.image":"chatroom_option_ic_leave_disable.png","leave.image":"chatroom_option_ic_leave_normal.png",
"line.call.dimmed.image":"chatroom_option_ic_linecall_disable.png","line.call.image":"chatroom_option_ic_linecall_normal.png",
"notification.off.image":"chatroom_option_ic_noti_off.png","notification.on.image":"chatroom_option_ic_noti_on.png",
"photo.image":"chatroom_option_ic_pv_normal.png","photo.video.dimmed.image":"chatroom_option_ic_pv_disable.png",
"photo.video.image":"chatroom_option_ic_pv_normal.png","recommend.dimmed.image":"chatroom_option_ic_recom_disable.png",
"recommend.image":"chatroom_option_ic_recom_normal.png","send.gift.dimmed.image":"chatroom_option_ic_gift_disable.png",
"send.gift.image":"chatroom_option_ic_gift_normal.png","setting.dimmed.image":"chatroom_option_ic_setting_disable.png",
"setting.image":"chatroom_option_ic_setting_normal.png","timer.dimmed.image":"chatroom_option_ic_timer_disable.png",
"timer.image":"chatroom_option_ic_timer_normal.png","unblock.image":"chatroom_option_ic_unblock.png","group.event.image":"chatroom_option_ic_event_normal.png"},
"chathistory.attach.item.image":{
"linecamera.image":{"normal":"chatroom_attach_ic_camera.png"},
"choose.file.image":{"normal":"chatroom_attach_ic_file.png"},
"pay.image":{"normal":"chatroom_attach_ic_pay.png"},
"snapmovie.image":{"normal":"chatroom_attach_ic_snapmovie.png"},
"audio.image":{"normal":"chatroom_attach_ic_voicemessage.png"},
"choose.photo.image":{"normal":"chatroom_attach_ic_photo.png"},"choose.video.image":{"normal":"chatroom_attach_ic_chooesvideo.png"},
"contact.image":{"normal":"chatroom_attach_ic_info.png"},"location.image":{"normal":"chatroom_attach_ic_location_selected.png"},
"take.photo.image":{"normal":"chatroom_attach_ic_takephoto.png"},"take.video.image":{"normal":"chatroom_attach_ic_takevideo.png"}},
"chathistory.option.item.voip.video.image":{"video.call.dimmed.image":"chatroom_option_ic_videocall_disable.png",
"video.call.image":"chatroom_option_ic_videocall_normal.png"},
"chathistory.option.item.voip.voice.image":{"voice.call.dimmed.image":"chatroom_option_ic_freecall_disable.png",
"voice.call.image":"chatroom_option_ic_freecall_normal.png"}
,"chathistory.input":{"attachButton.icon.image":"chatroom_ic_add.png",
"eskButton.icon.image":"chatroom_ic_stickers.png","photoButton.icon.image":"chatroom_ic_photo.png",
"keyboardButton.icon.image":"chatroom_ic_keyboard.png","background.image":"chatroom_input_bg.png",
"background.image.pattern":"false","inputText.color":"#ff000000","inputText.hint":"#a1a994","sendButton.background.color":{"normal":"#33000000",
"pressed":"#4f6c53"},"sendButton.tintcolor":"#fbf4e8"},"chathistory.privatechat.view.common":{"background.image":"chatroom_bg_hidden.9.png"},
"chathistory.privatechat.balloon.receive.text":{"background.image":{"normal":"chatroom_balloon_hidden.9.png",
"pressed":"chatroom_balloon_hidden.9.png"},"text.color":"#56785a","icon.arrow.tintcolor":"#d8ccbb"},
"chathistory.privatechat.common":{"name.text.color":"#d0c4af","time.text.color":"#92ae92","timer.text.color":"#92ae92",
"autoresend.icon.tintcolor":"#92ae92"},"chathistory.officialAccount.widget":{"background.color":{"normal":"#dfd3c1","pressed":"#d9cbb7"},
"divider.background.color":"#d9cbb7","text.color":"#56785a"},"chathistory.officialAccount.bottombar":{"background.color":"#d8ccb8",
"barButton.topDivider.background.color":"#ccbfaa","barButton.divider.background.color":"#ccbfaa",
"hideKeyboardButton.divider.background.color":"#ccbfaa","hideKeyboardButton.icon.image":"chatroom_ic_menu.png",
"keyboard.icon.tintcolor":"#56785a","menuOpenedMark.tintcolor":"#56785a","text.color":"#56785a"},
"navigationBar.groupcall":{"calling.tintcolor":"#e88891"},
"chathistory.groupcall":{"joinButton.background.tintcolor":{"normal":"#56785a",
"pressed":"#4f6c53"},"joinButton.icon.tintcolor":"#fbf4e8","joinButton.text.color":"#fbf4e8",
"callButton.background.image":{"normal":"chatroom_option_ic_freecall_normal1.png",
"pressed":"chatroom_option_ic_freecall_normal2.png"},
"callButton.icon.tintcolor":{"normal":"#GROUPCALLICONCOLOR"},"callButton.text.color":{"normal":"#GROUPCALLICONCOLOR"},
"background.color":"#GROUPCALLBACKGROUND","top.divider.background.color":"#GROUPCALLBACKGROUND","bottom.divider.background.color":"#GROUPCALLBACKGROUND",
"text.color":"#56785a","subtext.color":"#92ae92"},"chathistory.onair":{"background.image":"chatroom_onair_bg.9.png",
"subtext.color":"#92ae92","text.color":"#56785a"},"chathistory.spammer":{"background.image":"chatroom_onair_bg.9.png",
"name.text.color":"#92ae92","text.color":"#56785a","button.background.image":{"normal":"button_r06_normal.9.png",
"pressed":"button_r06_pressed.9.png"},"button.text.color":"#fbf4e8"},"chathistory.groupcall.layer":{"phoneIcon.tintcolor":"#fbf4e8"},
"chathistory.memberlist.area":{"background.color":"#e5e0d4c2"},"chathistory.groupboard.tip":{"text.color":"#56785a"},
"chathistory.privatechat.tooltip":{"text.color":"#56785a"},"chathistory.privatechat.header.banner.item":{"text.color":"#56785a",
"icon.tintcolor":"#56785a"},"chathistory.input.sendButton.selectType":{"icon.tintcolor":{"normal":"#c1c1c1","selected":"#56785a"},
"text.color":{"normal":"#c1c1c1","selected":"#56785a"}},"chathistory.common":{"datebar.background.image":"chatroom_date.9.png",
"datebar.text.color":"#ffffff","name.color":"#c7b498","time.color":"#92ae92","autoresend.icon.tintcolor":"#92ae92",
"soundsticker.icon.tintcolor":"#92ae92","retry.icon.image":"chatroom_ic_retry.png","checkBox.image":{"normal":"list_checkbox_img_normal.png",
"selected":"list_checkbox_img_selected.png"}},"chathistory.balloon.video.default.recv":{"background.color":"#f3ebe0"},
"chathistory.balloon.recv":{"background.image":{
"normal":"chatroom_balloon_rec_normal.9.png","pressed":"chatroom_balloon_rec_pressed.9.png"}},
"chathistory.balloon.text.recv":{"background.image":{"normal":"chatroom_balloon_rec_normal.9.png",
"pressed":"chatroom_balloon_rec_pressed.9.png"}},"chathistory.text.recv.msg":{"text.color":"#ff000000"},
"chathistory.music.recv.msg":{"service.text.color":"#92ae92","title.text.color":"#56785a","artist.text.color":"#92ae92",
"typename.text.color":"#92ae92","playlist.default.image":"chatroom_ic_music_playlist_rec.png",
"topic.default.image":"chatroom_ic_music_topic_rec.png","playbtn.background.default.image":"chatroom_music_bar_default.png",
"playbtn.background.pressed.image":"chatroom_music_bar_pressed.png","playbtn.default.image":"chatroom_music_play_default.png",
"playbtn.pressed.image":"chatroom_music_play_pressed.png","stopbtn.default.image":"chatroom_music_stop_default.png",
"stopbtn.pressed.image":"chatroom_music_stop_pressed.png","playing.image":"chatroom_music_bar_playing.png",
"loading.image":"chatroom_music_loading.png"},"chathistory.voip.recv.msg":{"icon.tintcolor":"#758f75","linecall.text.color":"#56785a",
"text.color":"#56785a"},"chathistory.groupcall.recv.msg":{"bottom.background.image":{"normal":"chatroom_balloon_line_rec.9.png"},
"join.text.color":"#e88891"},"chathistory.voice.recv.msg":{"text.color":{"normal":"#b4bdaa","selected":"#56785a"},
"colon.tintcolor":{"normal":"#b4bdaa","selected":"#56785a"},"bottom.background.image":"chatroom_voicemsg_line_w_rec.9.png",
"pause.image":{"normal":"chatroom_ic_voicemsg_rec_pause.png","selected":"chatroom_ic_voicemsg_rec_pause_pressed.png"},
"play.image":{"normal":"chatroom_ic_voicemsg_rec_play.png","selected":"chatroom_ic_voicemsg_rec_play_pressed.png"}
,"seperator.image":"chatroom_voicemsg_line_h_rec.9.png","share.image":{"normal":"chatroom_ic_voicemsg_rec_share.png",
"selected":"chatroom_ic_voicemsg_rec_share_pressed.png"},"speak.expire.image":"chatroom_ic_voicemsg_rec_x.png",
"speak.image":"chatroom_ic_voicemsg_rec_00.png","speak1.image":"chatroom_ic_voicemsg_rec_01.png",
"speak2.image":"chatroom_ic_voicemsg_rec_02.png","speak3.image":"chatroom_ic_voicemsg_rec_03.png"},
"chathistory.groupboard.recv.msg":{"text.color":"#56785a","location.text.color":"#56785a","more.text.color":"#92ae92",
"photo.default.tintcolor":"#92ae92","photoicon.tintcolor":"#92ae92","sticker.default.tintcolor":"#92ae92","bottom.text.color":"#92ae92",
"video.default.tintcolor":"#92ae92","videoicon.tintcolor":"#92ae92","arrow.tintcolor":"#ded3c2",
"bottom.background.image":"chatroom_balloon_line_rec.9.png"},"chathistory.file.recv.msg":{"file.icon.tintcolor":"#758f75",
"text.color":"#56785a","expire.text.color":"#92ae92","arrow.tintcolor":"#ded3c2"},"chathistory.link.recv.msg":{"text.color":"#56785a",
"detail.text.color":"#92ae92","arrow.tintcolor":"#ded3c2","bottom.background.image":"chatroom_balloon_line_rec.9.png"},
"chathistory.contact.recv.msg":{"text.color":"#56785a","arrow.tintcolor":"#ded3c2"},
"chathistory.gift.recv.msg":{"background.image":"chatroom_balloon_gift_rec.9.png",
"button.background.image":{"normal":"button_r07_normal.9.png","pressed":"button_r07_pressed.9.png"},"button.text.color":"#fbf4e8",
"button.text.shadow":"#00000000","text.color":"#56785a"},"chathistory.balloon.video.default.send":{"background.color":"#d8ccb8"},
"chathistory.balloon.send":{"background.image":{"normal":"chatroom_balloon_send_normal.9.png",
"pressed":"chatroom_balloon_send_pressed.9.png"}},
"chathistory.balloon.text.send":{"background.image":{"normal":"chatroom_balloon_send_normal.9.png",
"pressed":"chatroom_balloon_send_pressed.9.png"}},"chathistory.text.send.msg":{"text.color":"#ff000000"},
"chathistory.music.send.msg":{"service.text.color":"#92ae92","title.text.color":"#56785a","artist.text.color":"#92ae92",
"typename.text.color":"#92ae92","playlist.default.image":"chatroom_ic_music_playlist_send.png",
"topic.default.image":"chatroom_ic_music_topic_send.png","playbtn.background.default.image":"chatroom_music_bar_default.png",
"playbtn.background.pressed.image":"chatroom_music_bar_pressed.png","playbtn.default.image":"chatroom_music_play_default.png",
"playbtn.pressed.image":"chatroom_music_play_pressed.png","stopbtn.default.image":"chatroom_music_stop_default.png",
"stopbtn.pressed.image":"chatroom_music_stop_pressed.png","playing.image":"chatroom_music_bar_playing.png",
"loading.image":"chatroom_music_loading.png"},"chathistory.voip.send.msg":{"icon.tintcolor":"#70896d",
"linecall.text.color":"#56785a","text.color":"#56785a"},"chathistory.voice.send.msg":{"text.color":{"normal":"#a4aa92","selected":"#56785a"},
"colon.tintcolor":{"normal":"#a4aa92","selected":"#56785a"},"bottom.background.image":"chatroom_voicemsg_line_w_send.9.png",
"pause.image":{"normal":"chatroom_ic_voicemsg_send_pause.png","selected":"chatroom_ic_voicemsg_send_pause_pressed.png"},
"play.image":{"normal":"chatroom_ic_voicemsg_send_play.png","selected":"chatroom_ic_voicemsg_send_play_pressed.png"},
"seperator.image":"chatroom_voicemsg_line_h_send.9.png","share.image":{"normal":"chatroom_ic_voicemsg_send_share.png",
"selected":"chatroom_ic_voicemsg_send_share_pressed.png"},"speak.expire.image":"chatroom_ic_voicemsg_send_x.png",
"speak.image":"chatroom_ic_voicemsg_send_00.png","speak1.image":"chatroom_ic_voicemsg_send_01.png",
"speak2.image":"chatroom_ic_voicemsg_send_02.png","speak3.image":"chatroom_ic_voicemsg_send_03.png"},
"chathistory.groupboard.send.msg":{"text.color":"#56785a","location.text.color":"#56785a","more.text.color":"#92ae92",
"photo.default.tintcolor":"#92ae92","photoicon.tintcolor":"#92ae92","sticker.default.tintcolor":"#92ae92","bottom.text.color":"#92ae92",
"video.default.tintcolor":"#92ae92","videoicon.tintcolor":"#92ae92","arrow.tintcolor":"#c2b59f",
"bottom.background.image":"chatroom_balloon_line_send.9.png"},"chathistory.file.send.msg":{"file.icon.tintcolor":"#70896d",
"text.color":"#56785a","expire.text.color":"#92ae92","arrow.tintcolor":"#c2b59f"},"chathistory.link.send.msg":{"text.color":"#56785a",
"detail.text.color":"#92ae92","arrow.tintcolor":"#c2b59f","bottom.background.image":"chatroom_balloon_line_send.9.png"},
"chathistory.contact.send.msg":{"text.color":"#56785a","arrow.tintcolor":"#c2b59f"},
"chathistory.gift.send.msg":{"background.image":"chatroom_balloon_gift_send.9.png","text.color":"#56785a"},
"chathistory.input.voice":{"voip.background.color":{"normal":"#56785a","pressed":"#4f6c53"},"voip.icon.tintcolor":"#fbf4e8",
"voip.text.color":"#fbf4e8","close.background.color":{"normal":"#4f6c53","pressed":"#47624b"},"close.icon.tintcolor":"#fbf4e8"},
"navigationBar":{
"status.background.color":"#ff00aa00",
"background.image":"header_bg_pattern.png",
"badge.count.background.image":"header_num_bg.9.png","badge.text.color":"#ffffff","badge.new.image":"header_ic_new.png",
"button.background.color":{"normal":"#00000000","pressed":"#00000000"},"title.button.tintcolor":"#4f745e","title.text.color":"#ff003f00",
"button.text.color":{"dimmed":"#3e5a49","normal":"#ff003f00","pressed":"#3e5a49","selected":"#4f745e"},"button.tintcolor":{"dimmed":"#3e5a49",
"normal":"#ff003f00","pressed":"#3e5a49","selected":"#4f745e"}},"myhome.lineend.smiley":{"smiley.tintcolor":"#4f745e"},
"navigationBar.tab":{"text.color":{"normal":"#3e5a49","selected":"#4f745e"}},"myhome.post.input":{"background.color":"#ffffff",
"text.color":"#9aae9c","icon.tintcolor":{"normal":"#56785a","pressed":"#4f6c53"}},
"myhome.post.background":{"bottom.divider.background.color":"#ddd2c0"},
"myhome.background":{"background.image":"main.jpg"},
"myhome.cover":{"officialHomeProfileArrow.tintcolor":{"normal":"#56785a","pressed":"#56785a"},"officialHomeProfileText.color":"#56785a"},
"myhome.post.header":{"nameText.color":"#56785a","timeText.color":"#888888","sharePostMessage.color":"#56785a",
"groupBtn.background.image":{"normal":"button_r09_normal.9.png","pressed":"button_r09_pressed.9.png"},"groupBtn.icon.tintcolor":"#b9b3a9",
"groupBtn.text.color":"#b9b3a9","groupBtn.popup.background.image":"timeline_img_bg_see_bg01.9.png",
"groupBtn.popup.pressed.background.image":{"normal":"","pressed":"timeline_img_bg_see_bg01_pressed.9.png"},
"groupBtn.popup.pressed.reverse.background.image":{"normal":"","pressed":"timeline_img_bg_see_bg02_pressed.9.png"},
"groupBtn.popup.reverse.background.image":"timeline_img_bg_see_bg02.9.png","groupBtn.popup.text.color":"#a8a094",
"groupBtn.popup.divider.background.color":"#e3d6c2","groupBtn.popup.detail.text.color":"#a8a094","groupBtn.popup.arrow.tintcolor":"#c9bcab",
"more.icon.tintcolor":{"normal":"#d5cab6","pressed":"#bfb5a3"},"arrow.text.color":{"normal":"#d5cab6","pressed":"#bfb5a3"}},
"myhome.write.post":{"icon.tintcolor":"#56785a","text.color":"#56785a"},"navigationBar.moreMenu":{"item.text.color":"#56785a"},
"myhome.post.body":{"text.color":"#323232"},"myhome.post.bottom":{"commentIcon.image":{"normal":"timeline_ic_postcomment.png",
"selected":"timeline_ic_postcomment.png"},"likeIcon.image":{"normal":"timeline_ic_postlike_off.png","selected":"timeline_ic_postlike_on.png"},
"commentText.color":"#56785a","comment.icon.tintcolor":"#56785a","commentCountText.color":"#56785a","likeText.color":"#56785a",
"likeCountText.color":"#56785a","like.off.icon.tintcolor":"#56785a","share.icon.tintcolor":"#56785a","reply.text.color":"#56785a",
"like.on.background.tintcolor":"#d3e0cd","comma.icon.tintcolor":"#aabbac","cancel.icon.tintcolor":"#f4959e"},
"album.detail.menu":{"item.color":{"normal":"#c7d0c8","selected":"#56785a"},"checked.icon.tintcolor":"#56785a"},
"timeline.list.newpost":{"background.image":{"normal":"timeline_newpost_btn.9.png","pressed":"timeline_newpost_btn_pressed.9.png"},
"text.color":"#fbf4e8"},"myhome.list.header":{"updateText.color":"#56785a","updateTitleText.color":"#56785a",
"updateTimeText.color":"#92ae92"},"grouphome.empty":{"empty.note.icon.image.tintcolor":"#92ae92",
"empty.album.icon.image.tintcolor":"#92ae92","empty.text.color":"#92ae92","empty.btn.background.image":{"normal":"button_r07_normal.9.png",
"pressed":"button_r07_pressed.9.png"},"empty.btn.text.color":"#fbf4e8"},"grouphome.error":{"sticker.image":"zero_img_error.png",
"icon.tintcolor":"#92ae92","msg.text.color":"#92ae92","msg.text.shadow":"#00000000",
"btn.text.background.image":{"normal":"button_r07_normal.9.png","pressed":"button_r07_pressed.9.png"},"btn.text.color":"#fbf4e8"},
"grouphome.main":{"tab.background.color":"#e5dac9","selectedTab.text.color":"#56785a","tab.text.color":"#b8b7a3",
"tabBottomLine.background.color":"#56785a","moreTab.icon.tintcolor":{"normal":"#56785a","pressed":"#4f6c53"},
"postWriteBtn.image":{"normal":"group_ic_writepost.png","pressed":"group_ic_writepost_pressed.png"},
"albumCreateBtn.image":{"normal":"group_ic_postalbum.png","pressed":"group_ic_postalbum_pressed.png"}},
"grouphome.member.category":{"category.text.color":"#d0c4af","category.count.text.color":"#d0c4af",
"edit.btn.background.image":{"normal":"button_r10_normal.9.png","pressed":"button_r10_pressed.9.png"},
"edit.btn.text.color":"#fbf4e8","category.divider.background.color":"#FF2A6A07"},"grouphome.member.profile":{"add.btn.icon.tintcolor":"#56785a",
"profile.name.text.color":"#56785a"},"grouphome.friend.request":{"background.color":"#cce5dac9","message.text.color":"#56785a",
"message.icon.tintcolor":"#56785a","btn.background.color":{"normal":"#56785a","pressed":"#4f6c53"},"btn.text.color":"#fbf4e8"},
"timeline.userrecall":{"recall.user.text.background.color":"#00000000","recall.user.text.color":"#e88891",
"recalled.user.text.color":"#e88891","suggest.dialog.text.color":"#e88891"},
"timeline.privacySetting.searchBox":{"background.color":"#e0d4c2","inputBox.background.tintcolor":"#e8ddce","text.color":"#56785a",
"text.hint":"#9faa94","cancel.icon.tintcolor":"#9faa94","count.text.color":"#56785a"},
"timeline.privacySetting":{"descriptionText.color":"#56785a","publicButton.background.tintcolor":{"normal":"#56785a","pressed":"#4f6c53"},
"publicButton.text.color":"#fbf4e8","privateButton.background.tintcolor":{"normal":"#92a28a","pressed":"#748d72"},
"privateButton.text.color":"#fbf4e8","deleteButton.background.tintcolor":{"normal":"#e88891","pressed":"#d8727c"},
"deleteButton.text.color":"#fbf4e8","addButton.background.tintcolor":{"normal":"#56785a","pressed":"#4f6c53"},
"addButton.text.color":"#fbf4e8","listDeleteButton.background.tintcolor":{"normal":"#e88891","pressed":"#d8727c"},
"listDeleteButton.text.color":"#fbf4e8"},"timeline.privacySetting.manage":{"sort.icon.tintcolor":"#56785a",
"addFriend.icon.tintcolor":"#92ae92","shareGroup.icon.tintcolor":"#92ae92"},"calllist.item":{"nameText.color":"#56785a",
"dateIcon.tintcolor":"#92ae92","dateText.color":"#92ae92","phoneIcon.tintcolor":{"normal":"#56785a","pressed":"#56785a"},
"phoneIcon.background.tintcolor":{"normal":"#ddcfbc","pressed":"#d6c7b4"}},
"moreMenu.item":{"Lpoint.background.color":{"normal":"#0E307438","pressed":"#e4d9c8"},
"LpointCount.plusIcon.tintcolor":"#56785a",
"LpointCount.text.color":"#56785a",
"LpointLabel.background.tintcolor":"#92ae92",
"LpointLabel.text.color":"#92ae92",
"newIcon.image":"more_ic_new.png",
"LpointCount.newIcon.tintcolor":"#e47a7a",
"addfriend.image":"more_ic_addfriends.png",
"setting.image":"more_ic_settings.png","text.color":"#56785a",
"icon.background.color":"#0E307438",
"icon.tintcolor":{"normal":"#ffffffff","pressed":"#4f6c53"}},
"moreMenu.lower.item":{"background.color":{"normal":"#0E307438","pressed":"#FF307438"},
"newIcon.image":"more_ic_new.png","text.color":"#ffffffff","icon.tintcolor":"#ffffffff"},
"moreMenu.topbanner.item":{"topDivider.background.color":"#FF2A6A07","background.color":"#00000000","text.color":"#56785a",
"subtext.color":"#92ae92","arrowIcon.tintcolor":"#92ae92"},
"moreMenu.view":{"bottom.background.image":"main.jpg"
,"background.color":"#00000000"},
"common.empty.page":{"call.name.text.color":"#56785a","zero.image":"zero_img_empty.png",
"zero.title.color":"#56785a","zero.subtitle.color":"#92ae92","call.link.text.color":"#92ae92",
"zerobutton.background.image":{"normal":"button_r07_normal.9.png","pressed":"button_r07_pressed.9.png"},"zerobutton.text.color":"#fbf4e8",
"error.image":"zero_img_error.png","error.subtitle.color":"#92ae92","error.button.background.image":{"normal":"button_r07_normal.9.png",
"pressed":"button_r07_pressed.9.png"},"error.button.text.color":"#fbf4e8"},"noticenter2":{"background.color":"#ffffff",
"title.text.color":"#4f745e","arrow.icon.image":"timeline_img_tabarrow.png","more.icon.tintcolor":"#4f745e"},
"notification.popup":{"title.background.image":"popup_noti_bg_top.9.png","title.username.text.color":"#4f745e",
"title.groupname.text.color":"#4f745e","title.logo.tintcolor":"#4f745e","title.setting.image.tintcolor":"#4f745e",
"title.count.background.image":"popup_noti_img_num_bg.9.png","title.count.text.color":"#ffffff",
"reply.input.bar.background.color":{"normal":"#d6d6d6","selected":"#d6d6d6"},"reply.sendbutton.tintcolor":{"normal":"#56785a",
"pressed":"#4f6c53","selected":"#56785a"},"setting.checkbox.background.image":{"normal":"list_checkbox_img_normal.png",
"selected":"list_checkbox_img_selected.png"}},"chathistory.userrecall":{"recall.user.text.color":"#e88891",
"recalled.user.recv.text.color":"#e88891","recalled.user.send.text.color":"#e88891"},
"chathistory.userrecall.widget":{"background.color":{"normal":"#dfd3c1","pressed":"#d9cbb7"},
"highlight.text.color":"#e88891","text.color":"#56785a","close.icon.tintcolor":"#bdbca8"},
"chathistory.e2ee.layer":{"background.color":"#e5e0d4c2","text.color":"#92ae92","icon.tintcolor":"#92ae92"}
,"chathistory.call":{"top.divider.background.color":"#ff008000",
"bottom.divider.background.color":"#ff00b900",
"call.icon.tintcolor":"#ffffffff",
"call.text.color":"#ffffffff",
"background.tintcolor":{"normal":"#ff00b900","pressed":"#ff008000"},"member.background.color":"#ff00b900"}
,
"chathistory.input2":{"addButton.image":{"normal":"chatroom_ic_add2.png","pressed":"chatroom_ic_add2.png"},
"cameraButton.image":{"normal":"chatroom_ic_camera2.png","pressed":"chatroom_ic_camera2.png"},
"photoButton.image":{"normal":"chatroom_ic_photo2.png","pressed":"chatroom_ic_photo2.png"},
"stickersButton.image":{"normal":"chatroom_ic_stickers2.png","pressed":"chatroom_ic_stickers2.png"},
"voiceButton.image":{"normal":"chatroom_ic_voice2.png","pressed":"chatroom_ic_voice2.png"},
"backButton.image":{"normal":"chatroom_ic_backbutton2.png","pressed":"chatroom_ic_backbutton2.png"},
"sendButton.image":{"normal":"chatroom_ic_sendbutton2.png","pressed":"chatroom_ic_sendbutton2.png"}
,"background.image":"chatroom_input_bg.png","background.image.pattern":"false",
"inputText.hint":"#ff000000",
"inputText.color":"#ff000000","top.divider.background.color":"#00000000",
"inputBox.tintcolor":"#00000000",
"inputBox.outline.tintcolor":"#ff000000","blocked.text.color":"#bfb3ad"}
,"tabBar.bottom.icon":{"friend.normal.image":"gnb_ic_friends_normal.png",
"friend.selected.image":"gnb_ic_friends_selected.png",
"chat.normal.image":"gnb_ic_chats_normal.png",
"chat.selected.image":"gnb_ic_chats_selected.png",
"timeline.normal.image":"gnb_ic_timeline_normal.png",
"timeline.selected.image":"gnb_ic_timeline_selected.png",
"call.normal.image":"gnb_bottom_ic_call_normal.png",
"call.selected.image":"gnb_bottom_ic_call_selected.png",
"news.normal.image":"gnb_ic_linenews_normal.png",
"news.selected.image":"gnb_ic_linenews_selected.png",
"more.normal.image":"gnb_ic_more_normal.png",
"more.selected.image":"gnb_ic_more_selected.png",
"wallet.normal.image":"gnb_ic_more_normal.png",
"wallet.selected.image":"gnb_ic_more_selected.png",
"home.normal.image":"gnb_ic_chats_normal.png",
"home.selected.image":"gnb_ic_friends_selected.png"}
}
